{
    "name": "custom_cart_w_best_params",
    "description": "Custom cart with best parameters",
    "results": {
        "accuracy": 0.9115420384270404,
        "precision": 0.8915159105210477,
        "recall": 0.8832700588457458,
        "f1": 0.8870600664842694,
        "auc": 0.0,
        "average_precision": 0.0,
        "confusion_matrix": [
            [
                2593,
                195
            ],
            [
                212,
                1601
            ]
        ]
    }
}